<?xml version="1.0" encoding="Windows-1252"?>
<MonsterCollection xmlns:xsi="http://www.w3.org/2001/XMLSchema-instance" xmlns:xsd="http://www.w3.org/2001/XMLSchema">
  <list>
    <list level="1" health="125" maxHealth="125" attackPower="0" walkingSpeed="5" name="PolarBear" location="-58.815506" rotation="0.6762178" isPosioned_x003F_="false" isStunned_x003F_="false" type="Earth">
      <location_y>0</location_y>
      <location_z>-33.80597</location_z>
      <rotation_x>0</rotation_x>
      <rotation_y>0.736701846</rotation_y>
      <rotation_z>0</rotation_z>
    </list>
    <list level="1" health="25" maxHealth="25" attackPower="30" walkingSpeed="6" name="FireFox" location="45.76928" rotation="0.907453656" isPosioned_x003F_="false" isStunned_x003F_="false" type="Earth">
      <location_y>-2.32458115E-06</location_y>
      <location_z>81.72875</location_z>
      <rotation_x>-5.65568E-11</rotation_x>
      <rotation_y>0.4201522</rotation_y>
      <rotation_z>-7.395466E-11</rotation_z>
    </list>
    <list level="1" health="75" maxHealth="75" attackPower="0" walkingSpeed="10" name="MeepMeep" location="-27.7434464" rotation="-0.114781454" isPosioned_x003F_="false" isStunned_x003F_="false" type="Wind">
      <location_y>0</location_y>
      <location_z>-88.23328</location_z>
      <rotation_x>0</rotation_x>
      <rotation_y>0.9933908</rotation_y>
      <rotation_z>0</rotation_z>
    </list>
    <list level="1" health="125" maxHealth="125" attackPower="0" walkingSpeed="5" name="PolarBear" location="41.23021" rotation="0.9995154" isPosioned_x003F_="false" isStunned_x003F_="false" type="Earth">
      <location_y>0</location_y>
      <location_z>13.9212055</location_z>
      <rotation_x>0</rotation_x>
      <rotation_y>-0.0311272275</rotation_y>
      <rotation_z>0</rotation_z>
    </list>
    <list level="1" health="125" maxHealth="125" attackPower="0" walkingSpeed="5" name="PolarBear" location="-79.03585" rotation="0.5236831" isPosioned_x003F_="false" isStunned_x003F_="false" type="Earth">
      <location_y>0</location_y>
      <location_z>-66.2325745</location_z>
      <rotation_x>0</rotation_x>
      <rotation_y>0.851913154</rotation_y>
      <rotation_z>0</rotation_z>
    </list>
  </list>
</MonsterCollection>