<?xml version="1.0" encoding="Windows-1252"?>
<MonsterCollection xmlns:xsi="http://www.w3.org/2001/XMLSchema-instance" xmlns:xsd="http://www.w3.org/2001/XMLSchema">
  <list>
    <list level="2" health="200" maxHealth="200" attackPower="15" walkingSpeed="2" name="HammerHead" location="-52.305397" rotation="0.756317139" isPosioned_x003F_="false" isStunned_x003F_="false" type="Water">
      <location_y>-2.671687E-10</location_y>
      <location_z>-77.9139938</location_z>
      <rotation_x>4.283044E-09</rotation_x>
      <rotation_y>-0.6542052</rotation_y>
      <rotation_z>3.70478181E-09</rotation_z>
    </list>
    <list level="1" health="75" maxHealth="75" attackPower="7" walkingSpeed="4" name="DesertEagle" location="-30.7848816" rotation="-0.417101532" isPosioned_x003F_="false" isStunned_x003F_="false" type="Wind">
      <location_y>-5.33231332E-06</location_y>
      <location_z>-7.06118965</location_z>
      <rotation_x>1.01786179E-08</rotation_x>
      <rotation_y>0.9088599</rotation_y>
      <rotation_z>2.21791048E-08</rotation_z>
    </list>
    <list level="3" health="250" maxHealth="250" attackPower="20" walkingSpeed="2" name="HammerHead" location="37.2570419" rotation="0.6743986" isPosioned_x003F_="false" isStunned_x003F_="false" type="Water">
      <location_y>-2.0262316E-05</location_y>
      <location_z>-57.48668</location_z>
      <rotation_x>-4.663521E-08</rotation_x>
      <rotation_y>-0.7383675</rotation_y>
      <rotation_z>-5.105872E-08</rotation_z>
    </list>
    <list level="2" health="200" maxHealth="200" attackPower="0" walkingSpeed="5" name="PolarBear" location="-93.49539" rotation="0.539430141" isPosioned_x003F_="false" isStunned_x003F_="false" type="Earth">
      <location_y>-8.574335E-07</location_y>
      <location_z>-65.33831</location_z>
      <rotation_x>-5.89507643E-09</rotation_x>
      <rotation_y>-0.842030346</rotation_y>
      <rotation_z>-9.201995E-09</rotation_z>
    </list>
    <list level="1" health="75" maxHealth="75" attackPower="0" walkingSpeed="10" name="MeepMeep" location="-16.0073853" rotation="0.8346776" isPosioned_x003F_="false" isStunned_x003F_="false" type="Wind">
      <location_y>-6.397472E-18</location_y>
      <location_z>18.98715</location_z>
      <rotation_x>0</rotation_x>
      <rotation_y>0.550739</rotation_y>
      <rotation_z>0</rotation_z>
    </list>
  </list>
</MonsterCollection>