<?xml version="1.0" encoding="Windows-1252"?>
<MonsterCollection xmlns:xsi="http://www.w3.org/2001/XMLSchema-instance" xmlns:xsd="http://www.w3.org/2001/XMLSchema">
  <list>
    <list level="1" health="7" maxHealth="25" attackPower="30" walkingSpeed="6" name="FireFox" location="-16.4948273" rotation="0.5441345" isPosioned_x003F_="true" isStunned_x003F_="false" type="Earth">
      <location_y>-1.13248825E-06</location_y>
      <location_z>-5.93403673</location_z>
      <rotation_x>-3.58351326E-09</rotation_x>
      <rotation_y>-0.8389981</rotation_y>
      <rotation_z>-5.525399E-09</rotation_z>
    </list>
    <list level="2" health="9" maxHealth="45" attackPower="45" walkingSpeed="6" name="FireFox" location="20.75277" rotation="-0.4825438" isPosioned_x003F_="true" isStunned_x003F_="false" type="Earth">
      <location_y>-1.1920929E-06</location_y>
      <location_z>32.16639</location_z>
      <rotation_x>2.10035545E-09</rotation_x>
      <rotation_y>0.875871837</rotation_y>
      <rotation_z>3.81238374E-09</rotation_z>
    </list>
    <list level="1" health="100" maxHealth="100" attackPower="10" walkingSpeed="2" name="HammerHead" location="7.65887451" rotation="0.822351038" isPosioned_x003F_="false" isStunned_x003F_="false" type="Water">
      <location_y>-8.285046E-06</location_y>
      <location_z>-79.67217</location_z>
      <rotation_x>-3.1053478E-08</rotation_x>
      <rotation_y>-0.5689805</rotation_y>
      <rotation_z>-2.14857447E-08</rotation_z>
    </list>
    <list level="1" health="100" maxHealth="100" attackPower="10" walkingSpeed="2" name="HammerHead" location="69.03753" rotation="0.737102866" isPosioned_x003F_="false" isStunned_x003F_="false" type="Water">
      <location_y>0</location_y>
      <location_z>-55.26608</location_z>
      <rotation_x>0</rotation_x>
      <rotation_y>-0.675780535</rotation_y>
      <rotation_z>0</rotation_z>
    </list>
    <list level="2" health="43" maxHealth="45" attackPower="45" walkingSpeed="6" name="FireFox" location="-26.7722034" rotation="-0.487237275" isPosioned_x003F_="true" isStunned_x003F_="false" type="Earth">
      <location_y>-5.508831E-06</location_y>
      <location_z>-11.8654394</location_z>
      <rotation_x>-2.80864612E-08</rotation_x>
      <rotation_y>0.8732697</rotation_y>
      <rotation_z>-5.03390361E-08</rotation_z>
    </list>
    <list level="1" health="24" maxHealth="25" attackPower="30" walkingSpeed="6" name="FireFox" location="-83.78975" rotation="-0.03981147" isPosioned_x003F_="true" isStunned_x003F_="false" type="Earth">
      <location_y>-2.05220317E-06</location_y>
      <location_z>52.41548</location_z>
      <rotation_x>-2.33514785E-09</rotation_x>
      <rotation_y>0.9992072</rotation_y>
      <rotation_z>-5.86086522E-08</rotation_z>
    </list>
    <list level="2" health="200" maxHealth="200" attackPower="15" walkingSpeed="2" name="HammerHead" location="-55.46011" rotation="-0.2783583" isPosioned_x003F_="false" isStunned_x003F_="false" type="Water">
      <location_y>-7.279293E-06</location_y>
      <location_z>5.75847864</location_z>
      <rotation_x>-1.43758125E-08</rotation_x>
      <rotation_y>0.9604773</rotation_y>
      <rotation_z>-4.96038375E-08</rotation_z>
    </list>
    <list level="1" health="100" maxHealth="100" attackPower="10" walkingSpeed="2" name="HammerHead" location="-68.61606" rotation="-0.0934328362" isPosioned_x003F_="false" isStunned_x003F_="false" type="Water">
      <location_y>-8.273891E-09</location_y>
      <location_z>72.0243149</location_z>
      <rotation_x>-5.30432631E-09</rotation_x>
      <rotation_y>0.9956256</rotation_y>
      <rotation_z>-5.65232057E-08</rotation_z>
    </list>
    <list level="2" health="43" maxHealth="45" attackPower="45" walkingSpeed="6" name="FireFox" location="-92.31249" rotation="0.999886155" isPosioned_x003F_="true" isStunned_x003F_="false" type="Earth">
      <location_y>-1.12646949E-05</location_y>
      <location_z>-57.91889</location_z>
      <rotation_x>2.71288457E-07</rotation_x>
      <rotation_y>0.015090772</rotation_y>
      <rotation_z>-4.094418E-09</rotation_z>
    </list>
  </list>
</MonsterCollection>