<?xml version="1.0" encoding="Windows-1252"?>
<Outsidesave xmlns:xsi="http://www.w3.org/2001/XMLSchema-instance" xmlns:xsd="http://www.w3.org/2001/XMLSchema">
  <wave>2</wave>
  <timeTillNextWave>0</timeTillNextWave>
  <CountDownTimerValue>0</CountDownTimerValue>
  <enemiesDefeaten>0</enemiesDefeaten>
  <enemiesToDefeat>5</enemiesToDefeat>
  <totalEnemiesSpawned>5</totalEnemiesSpawned>
  <CountDownTimer_Value>34.6465073</CountDownTimer_Value>
  <tagOfMat1>emptyPlane</tagOfMat1>
  <tagOfMat2>emptyPlane</tagOfMat2>
  <tagOfMat3>emptyPlane</tagOfMat3>
  <tagOfMat4>emptyPlane</tagOfMat4>
  <tagOfMat5>emptyPlane</tagOfMat5>
  <tagOfMat6>emptyPlane</tagOfMat6>
  <tagOfMat7>emptyPlane</tagOfMat7>
  <tagOfMat8>emptyPlane</tagOfMat8>
  <tagOfMat9>emptyPlane</tagOfMat9>
  <unitCount>2</unitCount>
</Outsidesave>