<?xml version="1.0" encoding="Windows-1252"?>
<Player xmlns:xsi="http://www.w3.org/2001/XMLSchema-instance" xmlns:xsd="http://www.w3.org/2001/XMLSchema">
  <posx>-104.359467</posx>
  <posy>0</posy>
  <posz>-70.33759</posz>
  <rotx>-9.191669E-08</rotx>
  <roty>-0.0425853878</roty>
  <rotz>3.91786026E-09</rotz>
  <rotw>-0.9990929</rotw>
  <attackPoints>0</attackPoints>
  <speedPoints>0</speedPoints>
  <healthPoints>0</healthPoints>
  <energyPoints>0</energyPoints>
  <level>1</level>
  <experience>0</experience>
  <pointsToUpgrade>0</pointsToUpgrade>
  <health>100</health>
  <fatique>9901</fatique>
  <energy>110</energy>
  <currentWeapon>1</currentWeapon>
  <unlocked>
    <boolean>true</boolean>
    <boolean>false</boolean>
    <boolean>false</boolean>
    <boolean>false</boolean>
    <boolean>false</boolean>
    <boolean>false</boolean>
    <boolean>false</boolean>
    <boolean>false</boolean>
  </unlocked>
</Player>