<?xml version="1.0" encoding="Windows-1252"?>
<Player xmlns:xsi="http://www.w3.org/2001/XMLSchema-instance" xmlns:xsd="http://www.w3.org/2001/XMLSchema">
  <posx>-92.14009</posx>
  <posy>0</posy>
  <posz>-52.208622</posz>
  <rotx>3.667285E-08</rotx>
  <roty>-0.805933952</roty>
  <rotz>9.867396E-09</rotz>
  <rotw>-0.592005551</rotw>
  <attackPoints>0</attackPoints>
  <speedPoints>0</speedPoints>
  <healthPoints>0</healthPoints>
  <energyPoints>0</energyPoints>
  <level>1</level>
  <experience>1</experience>
  <pointsToUpgrade>0</pointsToUpgrade>
  <health>100</health>
  <fatique>9917</fatique>
  <energy>70</energy>
  <currentWeapon>1</currentWeapon>
  <unlocked>
    <boolean>true</boolean>
    <boolean>true</boolean>
    <boolean>false</boolean>
    <boolean>true</boolean>
    <boolean>false</boolean>
    <boolean>false</boolean>
    <boolean>false</boolean>
    <boolean>false</boolean>
  </unlocked>
</Player>