<?xml version="1.0" encoding="Windows-1252"?>
<Player xmlns:xsi="http://www.w3.org/2001/XMLSchema-instance" xmlns:xsd="http://www.w3.org/2001/XMLSchema">
  <posx>0.460053355</posx>
  <posy>0</posy>
  <posz>4.938762</posz>
  <rotx>9.025774E-09</rotx>
  <roty>0.701295257</roty>
  <rotz>-8.879212E-09</rotz>
  <rotw>0.712871</rotw>
  <attackPoints>0</attackPoints>
  <speedPoints>0</speedPoints>
  <healthPoints>0</healthPoints>
  <energyPoints>0</energyPoints>
  <level>2</level>
  <experience>0</experience>
  <pointsToUpgrade>3</pointsToUpgrade>
  <health>100</health>
  <fatique>9483</fatique>
  <energy>500</energy>
  <currentWeapon>1</currentWeapon>
  <unlocked>
    <boolean>true</boolean>
    <boolean>false</boolean>
    <boolean>false</boolean>
    <boolean>false</boolean>
    <boolean>false</boolean>
    <boolean>false</boolean>
    <boolean>false</boolean>
    <boolean>false</boolean>
  </unlocked>
</Player>