<?xml version="1.0" encoding="Windows-1252"?>
<TurretList xmlns:xsi="http://www.w3.org/2001/XMLSchema-instance" xmlns:xsd="http://www.w3.org/2001/XMLSchema">
  <list>
    <list>
      <name>GunSmith</name>
      <x>-95</x>
      <y>0.0009999768</y>
      <z>-41.19572</z>
      <wRot>0.7071068</wRot>
      <xRot>-0.7071068</xRot>
      <yRot>0</yRot>
      <zRot>0</zRot>
      <timeTillNextAttack>2</timeTillNextAttack>
      <timeTillNext>30</timeTillNext>
    </list>
  </list>
</TurretList>