<?xml version="1.0" encoding="Windows-1252"?>
<MonsterCollection xmlns:xsi="http://www.w3.org/2001/XMLSchema-instance" xmlns:xsd="http://www.w3.org/2001/XMLSchema">
  <list>
    <list level="1" health="100" maxHealth="100" attackPower="10" walkingSpeed="4" location="47.93978" rotation="0.9323268" isPosioned_x003F_="false" isStunned_x003F_="false" type="Earth">
      <location_y>0</location_y>
      <location_z>-8.73977</location_z>
      <rotation_x>0</rotation_x>
      <rotation_y>-0.361616969</rotation_y>
      <rotation_z>0</rotation_z>
    </list>
    <list level="2" health="200" maxHealth="200" attackPower="15" walkingSpeed="2" location="17.033165" rotation="0.9938794" isPosioned_x003F_="false" isStunned_x003F_="false" type="Wind">
      <location_y>2.93226368E-08</location_y>
      <location_z>-75.43124</location_z>
      <rotation_x>1.06541193E-10</rotation_x>
      <rotation_y>-0.110470995</rotation_y>
      <rotation_z>1.1842193E-11</rotation_z>
    </list>
    <list level="1" health="100" maxHealth="100" attackPower="10" walkingSpeed="4" location="-27.5999985" rotation="0.9916543" isPosioned_x003F_="false" isStunned_x003F_="false" type="Wind">
      <location_y>0</location_y>
      <location_z>2.800003</location_z>
      <rotation_x>0</rotation_x>
      <rotation_y>0.128925979</rotation_y>
      <rotation_z>0</rotation_z>
    </list>
  </list>
</MonsterCollection>