<?xml version="1.0" encoding="Windows-1252"?>
<TurretList xmlns:xsi="http://www.w3.org/2001/XMLSchema-instance" xmlns:xsd="http://www.w3.org/2001/XMLSchema">
  <list>
    <list>
      <name>Rock-paper-scissor turret</name>
      <x>-10.5</x>
      <y>0.001</y>
      <z>60.5</z>
      <wRot>0</wRot>
      <xRot>-0.241921872</xRot>
      <yRot>0</yRot>
      <zRot>0.9702957</zRot>
      <timeTillNextAttack>2</timeTillNextAttack>
      <timeTillNext>30</timeTillNext>
    </list>
  </list>
</TurretList>